eval_spend,eval_tiles,eval_armies,eval_s_spend,eval_s_tiles,iter,env_steps,secs,episodes,last_spend,mean_spend,last_tiles,last_armies,pg,vf,ent,kl,clipfrac,n,bc_kl,adv_mean,adv_std
nan,nan,nan,nan,nan,99,10861,287.4,4,19309.24600000001,12032.672444444446,45.0,13.0,0.0093,302.1026,3.4458,0.0168,0.1883,340,0.211,10.6023,13.9519
11610.801166666668,16.0,10.0,16350.185833333333,38.5,100,19506,492.1,8,9853.120333333336,8592.298,22.0,7.0,0.0029,28.0921,2.8411,0.0096,0.1035,271,0.1971,-1.8783,5.1026
nan,nan,nan,nan,nan,101,27321,889.4,12,11639.820333333331,9376.626888888888,33.0,5.0,0.0027,96.3127,2.4239,0.0059,0.0809,245,0.2407,6.8295,7.246
nan,nan,nan,nan,nan,102,38374,1157.6,16,7971.989000000001,8815.69388888889,13.0,1.0,0.0099,255.8017,3.6113,0.012,0.169,346,0.2273,-12.1534,10.6348
nan,nan,nan,nan,nan,103,50120,1442.5,20,10213.408666666664,11459.19333333333,24.0,9.0,0.0059,227.6228,3.4493,0.0137,0.1536,368,0.2441,1.4572,15.125
nan,nan,nan,nan,nan,104,59600,1668.9,24,7688.911666666669,8531.90811111111,25.0,5.0,0.0048,171.1197,3.0455,0.0071,0.1043,297,0.2093,-8.8727,9.8088
nan,nan,nan,nan,nan,105,66532,1827.2,28,4313.66,6713.858444444445,5.0,0.0,0.0162,208.8366,2.7059,0.0177,0.216,217,0.3147,-10.2611,10.3691
nan,nan,nan,nan,nan,106,73968,2001.1,32,8843.096666666668,9204.234333333332,25.0,6.0,0.0035,345.2088,2.2982,0.006,0.0904,233,0.1972,6.5277,17.5335
nan,nan,nan,nan,nan,107,81767,2185.1,36,8814.609666666667,9839.252777777778,21.0,0.0,0.0047,38.5609,2.7552,0.0067,0.0801,244,0.2093,0.9277,6.2749
nan,nan,nan,nan,nan,108,90126,2383.0,40,9066.269333333335,8823.78511111111,18.0,5.0,0.0011,116.5998,2.7335,0.0048,0.0609,262,0.2668,-5.4073,9.5108
nan,nan,nan,nan,nan,109,98227,2577.5,44,7265.509666666665,8874.728222222222,5.0,0.0,0.0082,149.0323,3.01,0.0111,0.1285,254,0.2357,-2.0582,12.1918
9271.060833333333,10.5,6.0,15518.145,28.5,110,105488,2746.8,48,8147.908666666668,9026.03177777778,23.0,4.0,0.0091,105.0134,2.3578,0.0102,0.1162,227,0.2298,0.258,10.3863
nan,nan,nan,nan,nan,111,114804,3099.0,52,7858.117666666665,9904.837444444443,23.0,3.0,0.0064,175.439,3.0844,0.0126,0.1182,292,0.2397,0.2752,13.3537
nan,nan,nan,nan,nan,112,121303,3258.8,56,3676.5743333333335,6267.892555555555,5.0,0.0,0.0008,77.3873,2.3231,0.0055,0.0769,204,0.2491,-4.5265,7.6835
nan,nan,nan,nan,nan,113,129202,3455.7,60,9302.642333333335,9691.77088888889,23.0,6.0,0.0089,111.5621,2.4837,0.0115,0.1478,247,0.2244,8.5254,6.5018
nan,nan,nan,nan,nan,114,136751,3636.2,64,6847.690333333332,9626.051555555556,21.0,4.0,0.0061,223.8964,2.4016,0.0121,0.1136,236,0.2389,4.2059,14.487
nan,nan,nan,nan,nan,115,144579,3826.6,68,7807.7356666666665,8540.848,23.0,5.0,0.0038,269.5973,2.6429,0.0105,0.1217,245,0.2249,5.9646,15.457
nan,nan,nan,nan,nan,116,153994,4073.8,72,16770.780000000002,10880.136555555555,49.0,9.0,0.0069,464.8934,3.1167,0.0096,0.1065,295,0.2645,10.2901,19.0531
nan,nan,nan,nan,nan,117,161168,4234.9,76,7967.607333333332,6843.548222222223,16.0,5.0,0.0102,70.9319,2.3955,0.018,0.1627,225,0.2557,-7.2279,4.6364
nan,nan,nan,nan,nan,118,168945,4426.4,80,13052.703333333333,9317.962555555556,28.0,8.0,0.0025,133.3719,2.4038,0.006,0.0553,244,0.2062,3.9201,11.0043
nan,nan,nan,nan,nan,119,177002,4613.0,84,9258.357333333333,8704.77488888889,16.0,0.0,0.007,48.2569,2.5883,0.0095,0.1157,252,0.2446,-0.4254,7.0677
9985.601833333334,9.0,2.5,15990.667666666663,30.0,120,185312,4820.7,88,11689.078666666665,9991.568333333333,29.0,8.0,0.0073,101.6072,2.6684,0.0087,0.1089,260,0.2249,3.9618,9.4119
nan,nan,nan,nan,nan,121,193010,5126.1,92,8398.686333333331,8990.327777777777,24.0,5.0,0.0018,19.0202,2.5859,0.008,0.0758,241,0.2649,0.5307,4.4482
nan,nan,nan,nan,nan,122,200882,5315.7,96,9977.984333333336,9563.085333333334,30.0,4.0,0.0076,376.475,2.8139,0.0139,0.1327,246,0.239,11.4625,15.8407
nan,nan,nan,nan,nan,123,208084,5487.6,100,9661.883333333333,8510.149555555554,24.0,4.0,0.0061,72.6699,2.4966,0.0079,0.0893,226,0.264,-1.2777,8.5595
nan,nan,nan,nan,nan,124,217360,5713.9,104,4871.947333333334,6450.504111111112,5.0,0.0,0.0116,270.8883,3.3315,0.0188,0.2163,290,0.268,-12.2209,11.2421
nan,nan,nan,nan,nan,125,224964,5893.5,108,7107.581666666669,7372.823333333336,5.0,0.0,0.0041,543.7307,2.8205,0.01,0.1093,238,0.2588,4.996,22.9225
nan,nan,nan,nan,nan,126,232496,6067.7,112,7037.260333333333,9017.872333333333,10.0,3.0,0.002,40.5869,2.7092,0.0104,0.0891,236,0.2971,-1.0602,6.409
nan,nan,nan,nan,nan,127,241087,6276.7,116,15635.687666666665,11191.93911111111,34.0,7.0,0.004,418.3375,2.7808,0.0063,0.0616,269,0.2486,9.8893,18.017
nan,nan,nan,nan,nan,128,248749,6459.7,120,7537.685000000002,7050.558555555556,15.0,4.0,0.0065,103.1611,2.7669,0.0068,0.098,240,0.2449,-0.5274,10.266
nan,nan,nan,nan,nan,129,255784,6626.1,124,11842.919666666665,7915.027444444443,29.0,4.0,0.0063,182.4788,2.7506,0.0048,0.0695,220,0.2904,2.7389,13.3645
6096.777166666667,8.5,0.0,12145.931666666667,18.0,130,263114,6809.5,128,8134.630000000001,8098.533666666667,21.0,5.0,0.0045,14.3025,2.3471,0.0038,0.061,230,0.2241,0.2584,3.8766
nan,nan,nan,nan,nan,131,270627,7112.5,132,4761.708333333333,8411.979888888889,5.0,0.0,0.001,73.0142,2.5947,0.0122,0.0905,235,0.2568,2.3045,8.372
nan,nan,nan,nan,nan,132,277571,7271.3,136,8434.634,7859.975777777778,15.0,4.0,0.007,50.6314,2.4391,0.0125,0.0978,217,0.3133,-1.9266,6.973
nan,nan,nan,nan,nan,133,284480,7437.4,140,8738.285666666667,7217.378555555555,20.0,3.0,0.0028,36.3505,2.3875,0.0053,0.0579,216,0.3071,-2.2208,5.7171
nan,nan,nan,nan,nan,134,292289,7623.6,144,8444.305333333334,8670.278888888888,24.0,5.0,0.006,57.6847,2.6274,0.0108,0.1153,245,0.2449,5.3867,5.575
nan,nan,nan,nan,nan,135,300647,7815.7,148,9688.902333333335,8551.09188888889,23.0,5.0,0.0064,127.8171,2.9608,0.0122,0.1378,262,0.3004,-2.2587,11.2266
nan,nan,nan,nan,nan,136,310174,8038.6,152,10967.622000000003,9869.199222222223,27.0,1.0,0.0044,30.3435,3.0764,0.0073,0.0815,298,0.2833,1.5337,5.4438
nan,nan,nan,nan,nan,137,318854,8250.5,156,10630.769666666665,9539.923888888889,17.0,1.0,0.004,12.9419,2.7905,0.0065,0.0793,272,0.2279,0.5421,3.6909
nan,nan,nan,nan,nan,138,326832,8434.0,160,7693.329666666665,7450.977555555556,18.0,5.0,0.0064,169.7216,2.5541,0.013,0.1337,250,0.307,1.0612,13.1197
nan,nan,nan,nan,nan,139,335431,8645.4,164,7066.641999999998,10072.937222222221,17.0,3.0,0.0077,232.6409,2.8066,0.0162,0.1674,269,0.2889,10.4436,11.3243
11489.0015,10.5,7.5,12271.20833333333,13.5,140,344323,8858.1,168,8706.598666666667,10220.16022222222,23.0,4.0,0.004,85.5794,2.969,0.0075,0.0907,278,0.2638,4.8745,8.0114
nan,nan,nan,nan,nan,141,353087,9202.5,172,13199.588333333335,10614.764222222222,27.0,1.0,0.0029,66.8576,3.0881,0.007,0.09,274,0.2678,3.3611,7.6082
nan,nan,nan,nan,nan,142,362348,9430.4,176,13173.434333333335,11043.159555555554,34.0,9.0,0.0044,161.3845,3.2138,0.0056,0.0644,290,0.2392,4.2264,12.1236
nan,nan,nan,nan,nan,143,370780,9642.1,180,5431.3730000000005,9382.135555555556,5.0,0.0,0.0074,153.5993,3.0418,0.008,0.0859,264,0.2647,-2.073,12.3396
nan,nan,nan,nan,nan,144,381738,9910.6,184,10778.28,10092.991555555556,22.0,1.0,0.0057,195.389,3.4206,0.0106,0.1221,343,0.2692,-4.1538,13.4829
nan,nan,nan,nan,nan,145,391012,10120.2,188,10490.055666666669,7767.5446666666685,16.0,1.0,0.011,214.8468,3.2726,0.0159,0.1682,290,0.2918,-9.9526,10.941
nan,nan,nan,nan,nan,146,401377,10369.2,192,8122.305333333331,9197.848444444442,27.0,3.0,0.0033,144.3387,3.2739,0.0078,0.0871,324,0.2439,-2.7205,11.8247
nan,nan,nan,nan,nan,147,412218,10627.5,196,8459.353666666662,10117.487444444441,20.0,2.0,0.0048,106.4751,3.4313,0.0099,0.1284,339,0.3318,-2.045,10.253
nan,nan,nan,nan,nan,148,421843,10852.9,200,6940.416000000001,7942.881111111111,14.0,3.0,0.0044,31.2202,3.2283,0.0076,0.0889,301,0.2718,-3.8563,4.234
nan,nan,nan,nan,nan,149,435137,11180.3,204,12879.693666666664,10294.564888888888,29.0,5.0,0.0073,49.4773,3.8817,0.0094,0.0897,416,0.279,-3.175,6.4387
7476.903,8.0,2.5,14495.433833333333,25.0,150,445788,11430.4,208,8166.709999999998,8542.03877777778,12.0,0.0,0.0085,140.0266,3.5486,0.0125,0.1562,333,0.3109,-8.2587,8.6849
nan,nan,nan,nan,nan,151,462556,12025.4,212,8711.207999999999,8711.948444444444,19.0,6.0,0.0086,658.0474,4.045,0.0167,0.196,524,0.3383,-17.6669,18.7858
nan,nan,nan,nan,nan,152,473112,12273.1,216,7901.705333333333,8762.750555555556,13.0,0.0,0.0043,54.4868,3.2922,0.0057,0.0844,330,0.2684,-4.651,5.906
nan,nan,nan,nan,nan,153,482292,12483.4,220,5700.769666666667,8113.925111111109,5.0,0.0,0.0048,84.3968,3.0571,0.0073,0.0967,287,0.2712,-2.5199,8.9789
nan,nan,nan,nan,nan,154,491223,12692.4,224,8068.169999999999,7503.5055555555555,17.0,0.0,0.0021,25.6653,3.1368,0.0082,0.0739,280,0.2586,-1.5733,4.9614
nan,nan,nan,nan,nan,155,500049,12899.2,228,4652.404666666667,7565.623111111112,5.0,0.0,0.0062,41.4012,3.0947,0.0047,0.0859,276,0.2955,-1.7932,6.3057
nan,nan,nan,nan,nan,156,511579,13170.3,232,7519.846333333333,8478.071444444446,19.0,1.0,0.006,104.0329,3.5435,0.0104,0.0956,361,0.2266,-7.8084,6.8062
nan,nan,nan,nan,nan,157,520908,13396.2,236,9185.316333333334,8653.562444444446,12.0,0.0,0.0048,43.5447,3.1438,0.0084,0.0797,292,0.2648,3.9106,5.4935
nan,nan,nan,nan,nan,158,532057,13669.3,240,8350.544999999998,9972.339666666667,21.0,5.0,0.0053,78.4706,3.5276,0.0107,0.1063,349,0.243,-4.3194,7.9163
nan,nan,nan,nan,nan,159,544440,13980.9,244,6401.439333333334,8981.544777777779,14.0,5.0,0.0062,117.9911,3.8938,0.0123,0.114,387,0.2844,-0.7333,10.9896
9453.898833333333,8.5,6.5,11885.39416666667,21.5,160,554597,14230.2,248,7536.1686666666665,9023.73011111111,14.0,2.0,0.0087,193.033,3.2611,0.0132,0.1281,318,0.2414,0.3826,14.0222
nan,nan,nan,nan,nan,161,562973,14583.0,252,6864.547333333334,8528.778555555555,5.0,0.0,0.0033,81.7628,2.9719,0.0071,0.0643,262,0.2044,1.35,9.0718
nan,nan,nan,nan,nan,162,573176,14814.3,256,5744.027333333333,7676.168555555557,5.0,0.0,0.0087,60.6256,3.1827,0.0126,0.1337,319,0.1989,-5.3748,5.8256
nan,nan,nan,nan,nan,163,584324,15082.5,260,7503.535999999999,8367.836,15.0,2.0,0.0078,18.8576,3.5711,0.0126,0.1534,349,0.2691,-2.7029,3.5891
nan,nan,nan,nan,nan,164,592909,15282.7,264,7418.707333333334,7451.467444444445,25.0,2.0,0.0046,19.6404,3.2611,0.0163,0.1386,269,0.2669,-3.3222,3.1582
nan,nan,nan,nan,nan,165,600474,15455.9,268,7301.575666666666,7200.31211111111,5.0,0.0,0.0062,53.3596,2.8582,0.0091,0.0992,237,0.2578,0.2229,7.4424
nan,nan,nan,nan,nan,166,610769,15694.9,272,8118.288333333334,7821.369111111112,21.0,1.0,0.0045,17.5571,3.2255,0.0137,0.1116,322,0.2289,-3.0204,3.1073
nan,nan,nan,nan,nan,167,620398,15923.2,276,12577.059333333335,8387.006555555556,30.0,6.0,0.0064,166.2416,3.3,0.0098,0.1208,301,0.2262,-2.4479,12.7892
nan,nan,nan,nan,nan,168,634426,16273.1,280,15610.604000000003,10645.34077777778,39.0,4.0,0.0059,190.3977,3.9481,0.0083,0.1025,439,0.2381,-8.4088,11.0917
nan,nan,nan,nan,nan,169,648759,16612.3,284,7694.218000000002,8181.0756666666675,23.0,0.0,0.0076,788.359,3.833,0.0143,0.1631,448,0.2363,-16.9378,22.5611
11896.073166666667,13.0,9.5,15275.83966666666,26.0,170,661963,16921.4,288,11097.62833333333,10479.788222222222,22.0,1.0,0.0037,44.1885,3.7309,0.0086,0.0863,413,0.2225,-1.5416,6.6074
nan,nan,nan,nan,nan,171,673974,17501.0,292,9404.577333333335,9333.071333333335,25.0,3.0,0.0056,11.6722,3.6321,0.0049,0.0601,376,0.2374,0.1978,3.549
nan,nan,nan,nan,nan,172,685890,17783.0,296,10254.786666666665,8162.311666666666,23.0,2.0,0.0046,127.1555,3.5146,0.007,0.0894,373,0.2089,-4.4659,10.4942
nan,nan,nan,nan,nan,173,697372,18065.9,300,8504.837,9296.57911111111,17.0,4.0,0.0056,14.3852,3.4614,0.0087,0.0914,359,0.2121,1.1656,3.7395
nan,nan,nan,nan,nan,174,709360,18362.3,304,9449.081333333332,9788.008222222223,26.0,2.0,0.0071,16.7968,3.4745,0.0133,0.1145,375,0.2153,2.1621,3.633
nan,nan,nan,nan,nan,175,720423,18648.3,308,9058.204333333335,9894.64822222222,21.0,4.0,0.0044,24.1974,3.4234,0.0104,0.0991,346,0.1917,3.3692,3.7784
nan,nan,nan,nan,nan,176,731402,18902.4,312,9609.61066666667,8945.874222222223,21.0,1.0,0.0069,35.5402,3.4147,0.0103,0.0981,344,0.1944,0.3006,6.0913
nan,nan,nan,nan,nan,177,742427,19167.1,316,9208.001666666667,9425.126666666669,15.0,1.0,0.006,24.4839,3.3738,0.0059,0.0853,345,0.2197,2.3539,4.5072
nan,nan,nan,nan,nan,178,753825,19441.5,320,6467.153,8742.551999999998,15.0,2.0,0.0095,14.7387,3.6004,0.0125,0.1043,357,0.2084,-0.997,3.8362
nan,nan,nan,nan,nan,179,764751,19721.2,324,8549.64833333333,10367.784555555554,24.0,1.0,0.0071,141.2471,3.3383,0.0095,0.1081,342,0.1969,7.3641,9.5033
12307.505166666668,9.5,10.0,14606.928666666667,26.5,180,774686,19957.4,328,8070.948999999999,9120.13411111111,19.0,4.0,0.0061,19.2337,3.0973,0.0081,0.0887,311,0.1778,2.9078,3.4606
nan,nan,nan,nan,nan,181,788177,20439.1,332,13441.75266666667,9848.098000000002,30.0,10.0,0.0093,290.8695,3.9093,0.0186,0.1776,422,0.2517,-4.8243,16.5227
nan,nan,nan,nan,nan,182,798357,20671.2,336,9001.545333333333,7503.518000000001,23.0,2.0,0.0062,147.3561,3.5498,0.0195,0.1837,319,0.2951,-9.3533,7.9894
nan,nan,nan,nan,nan,183,808082,20910.9,340,7900.708333333333,8057.641555555555,24.0,1.0,0.006,14.5779,3.221,0.0081,0.0769,304,0.229,-0.8724,3.865
nan,nan,nan,nan,nan,184,819573,21186.2,344,7009.841333333332,10191.633111111109,14.0,1.0,0.0066,146.5632,3.5662,0.0095,0.0917,360,0.2434,3.7394,11.6536
nan,nan,nan,nan,nan,185,833574,21539.3,348,7802.595333333334,11242.184111111112,15.0,2.0,0.0059,41.0847,4.0701,0.0091,0.0796,438,0.2534,0.3785,6.5218
nan,nan,nan,nan,nan,186,843033,21757.3,352,8055.732333333333,9195.485333333332,23.0,1.0,0.0045,75.9002,3.2614,0.0064,0.0695,296,0.2296,4.519,7.5748
nan,nan,nan,nan,nan,187,854667,22030.0,356,12753.838666666667,12030.948555555553,28.0,2.0,0.0091,91.4541,3.6515,0.0102,0.1136,364,0.23,6.5696,7.129
nan,nan,nan,nan,nan,188,864551,22261.0,360,8808.853666666666,9380.614555555554,12.0,0.0,0.0091,204.1606,3.2937,0.0148,0.1623,309,0.2552,9.8126,10.5694
nan,nan,nan,nan,nan,189,877857,22566.7,364,9289.681999999997,8432.897666666666,16.0,2.0,0.0074,302.8019,3.9183,0.0126,0.1472,416,0.2598,-13.4349,11.3133
11942.382,11.0,8.0,13736.102666666666,18.5,190,886098,22752.2,368,4297.039333333333,7583.116111111111,5.0,0.0,0.0074,98.4615,2.8319,0.0125,0.1318,258,0.2293,1.9959,9.8743
nan,nan,nan,nan,nan,191,898542,23190.7,372,11779.923666666667,10756.534333333335,28.0,2.0,0.002,111.3051,3.8081,0.0056,0.09,389,0.2214,5.1104,9.3551
nan,nan,nan,nan,nan,192,910098,23470.5,376,10705.33566666667,11250.066,21.0,3.0,0.0059,33.5652,3.6019,0.0095,0.0888,362,0.1937,3.5769,4.744
nan,nan,nan,nan,nan,193,919891,23707.1,380,10207.613,9329.350333333334,26.0,3.0,0.0042,39.1865,3.2566,0.0069,0.0854,307,0.1904,4.8548,4.1612
nan,nan,nan,nan,nan,194,929474,23936.9,384,11705.694666666666,10408.636444444444,21.0,1.0,0.0074,143.2285,3.1322,0.0099,0.115,300,0.2201,8.7503,8.3716
nan,nan,nan,nan,nan,195,940016,24197.4,388,9730.783333333335,10613.255000000003,18.0,2.0,0.0062,34.3857,3.5129,0.0047,0.0787,330,0.3007,3.1489,5.1077
nan,nan,nan,nan,nan,196,949647,24435.9,392,8027.807,9876.118444444444,22.0,1.0,0.0071,58.5136,3.2373,0.0094,0.0845,301,0.2522,1.9973,7.5295
nan,nan,nan,nan,nan,197,959659,24674.2,396,14903.990000000007,9165.177444444447,35.0,8.0,0.0056,49.5987,3.5093,0.0103,0.1177,313,0.3377,-0.3674,7.1675
nan,nan,nan,nan,nan,198,968558,24883.6,400,9057.759999999998,7105.36811111111,24.0,3.0,0.0068,199.7821,3.1707,0.01,0.1121,279,0.2302,-5.7445,13.0136
nan,nan,nan,nan,nan,199,977228,25090.8,404,9041.833666666667,9811.929111111114,17.0,4.0,0.004,52.797,3.0889,0.0082,0.0851,271,0.234,4.402,5.9667
13278.942333333332,13.0,6.5,11992.748833333333,16.5,200,987272,25334.6,408,11625.603,11297.268333333333,27.0,3.0,0.0049,115.1284,3.2426,0.0076,0.0887,314,0.2545,6.8273,8.444
nan,nan,nan,nan,nan,201,998257,25741.4,412,11335.953,10300.993666666667,24.0,7.0,0.0075,38.857,3.3234,0.0102,0.0961,344,0.1925,0.3459,6.36
nan,nan,nan,nan,nan,202,1007390,25968.1,416,9008.735333333332,8345.713444444445,24.0,4.0,0.0078,33.2579,3.1452,0.0116,0.1079,286,0.2592,-3.8059,4.5154
nan,nan,nan,nan,nan,203,1017452,26204.7,420,10616.488666666668,9856.865222222223,22.0,1.0,0.0026,28.8748,3.1499,0.0073,0.0761,315,0.2372,-0.1248,5.51
nan,nan,nan,nan,nan,204,1029004,26489.5,424,14489.252000000006,12325.467333333336,36.0,6.0,0.0072,163.4299,3.6557,0.0083,0.092,361,0.274,5.9036,11.4739
nan,nan,nan,nan,nan,205,1040153,26760.4,428,7975.333333333332,9776.952666666668,22.0,3.0,0.009,193.8636,3.4795,0.0094,0.1031,349,0.2628,7.9004,11.6218
nan,nan,nan,nan,nan,206,1051279,27030.3,432,11741.328333333333,10892.010888888888,30.0,5.0,0.0056,151.1863,3.5207,0.012,0.129,348,0.2705,8.1733,9.3616
nan,nan,nan,nan,nan,207,1060772,27250.8,436,8415.354333333333,9193.36711111111,23.0,3.0,0.0032,12.1453,3.1913,0.0056,0.0647,297,0.2752,0.3656,3.5842
nan,nan,nan,nan,nan,208,1072785,27553.0,440,13297.32066666667,12334.389666666664,30.0,4.0,0.0072,149.2115,3.6622,0.0083,0.0909,376,0.2699,4.9766,11.2989
nan,nan,nan,nan,nan,209,1083701,27827.7,444,7616.7136666666665,11972.157444444441,16.0,1.0,0.006,240.6322,3.5934,0.0104,0.088,342,0.2878,7.2216,13.8543
11800.713666666665,9.0,8.5,12918.757000000001,20.0,210,1092744,28041.3,448,7486.442333333334,8149.984666666668,17.0,3.0,0.0036,62.1728,3.2319,0.0049,0.0634,283,0.2661,-3.0027,7.4368
nan,nan,nan,nan,nan,211,1104326,28456.1,452,8054.873666666667,10683.18622222222,18.0,2.0,0.0042,38.8832,3.6057,0.0064,0.0571,362,0.2588,2.8952,5.6373
nan,nan,nan,nan,nan,212,1115096,28719.6,456,8761.118,10162.027222222225,12.0,1.0,0.0068,20.4266,3.389,0.0107,0.1197,337,0.2325,-1.0839,4.5206
nan,nan,nan,nan,nan,213,1125206,28974.5,460,7220.052666666665,8708.609444444446,25.0,0.0,0.0067,16.6301,3.3432,0.0105,0.0995,316,0.2424,-2.3146,3.5165
nan,nan,nan,nan,nan,214,1134895,29214.0,464,9011.954,9125.036333333332,13.0,3.0,0.0071,27.9926,3.3182,0.0073,0.1008,303,0.291,-3.0229,4.5068
nan,nan,nan,nan,nan,215,1149382,29591.0,468,13907.118000000002,12354.324222222225,33.0,6.0,0.0037,184.4559,4.1628,0.0109,0.1175,453,0.3183,-1.0077,13.6657
